city,model_R2,rf_top_driver,rf_top_driver_importance,shap_top_driver,shap_top_driver_strength
Albuquerque,0.855,affordability_stress,0.423,affordability_stress,0.019
Austin,0.992,affordability_stress,0.533,affordability_stress,0.017
Baton Rouge,0.249,economic_vulnerability,0.453,economic_vulnerability,0.017
Birmingham,0.174,economic_vulnerability,0.688,economic_vulnerability,0.02
Charlotte,0.885,affordability_stress,0.405,affordability_stress,0.01
Columbus,0.788,affordability_stress,0.576,affordability_stress,0.017
Denver,0.96,affordability_stress,0.498,affordability_stress,0.027
Fort Worth,0.939,affordability_stress,0.379,affordability_stress,0.012
Indianapolis,0.977,economic_vulnerability,0.487,economic_vulnerability,0.024
Jacksonville,0.958,affordability_stress,0.412,affordability_stress,0.014
Kansas City,0.962,economic_vulnerability,0.284,economic_vulnerability,0.015
Louisville,0.964,affordability_stress,0.459,affordability_stress,0.021
Memphis,0.977,affordability_stress,0.439,affordability_stress,0.014
Miami,0.366,affordability_stress,0.608,affordability_stress,0.031
Nashville,0.537,affordability_stress,0.442,affordability_stress,0.014
Oklahoma City,0.988,economic_vulnerability,0.48,economic_vulnerability,0.026
Omaha,0.66,affordability_stress,0.401,economic_vulnerability,0.02
Orlando,0.323,affordability_stress,0.577,affordability_stress,0.027
Philadelphia,0.395,affordability_stress,0.676,affordability_stress,0.015
Raleigh,0.241,economic_vulnerability,0.746,economic_vulnerability,0.027
San Antonio,0.976,economic_vulnerability,0.461,economic_vulnerability,0.022
St.,0.393,economic_vulnerability,0.685,economic_vulnerability,0.032
Tampa,0.279,affordability_stress,0.731,affordability_stress,0.029
Tulsa,0.991,economic_vulnerability,0.388,economic_vulnerability,0.025
Virginia Beach,0.394,economic_vulnerability,0.635,economic_vulnerability,0.029
